record|blue|2021|2021-07-09
they|green|2021|2021-03-31
real|blue|2021|2021-02-12
set|yellow|2021|2021-08-28
agree|white|2021|2021-09-04
risk|white|2021|2021-08-07
Congress|white|2021|2021-04-16
then|red|2021|2021-03-07
get|black|2021|2021-01-22
dream|red|2021|2021-07-05
management|green|2021|2021-01-26
card|black|2021|2021-05-06
apply|red|2021|2021-07-08
business|red|2021|2021-03-12
clear|green|2021|2021-01-25
describe|red|2021|2021-04-10
son|blue|2021|2021-08-19
personal|white|2021|2021-01-31
just|red|2021|2021-09-21
agreement|white|2021|2021-08-06
against|white|2021|2021-06-06
training|yellow|2021|2021-05-03
law|red|2021|2021-07-31
visit|white|2021|2021-10-11
mean|white|2021|2021-03-04
design|green|2021|2021-07-27
spend|black|2021|2021-03-20
really|black|2021|2021-04-18
dream|yellow|2021|2021-08-01
history|red|2021|2021-03-16
work|yellow|2021|2021-04-22
add|black|2021|2021-09-17
force|white|2021|2021-01-04
rich|white|2021|2021-07-12
accept|green|2021|2021-01-27
table|white|2021|2021-08-09
second|yellow|2021|2021-05-10
think|green|2021|2021-06-02
director|green|2021|2021-05-19
which|white|2021|2021-04-24
fall|red|2021|2021-05-16
hit|blue|2021|2021-10-13
floor|green|2021|2021-02-21
although|yellow|2021|2021-06-29
quality|blue|2021|2021-07-18
according|red|2021|2021-02-13
everybody|black|2021|2021-01-09
until|black|2021|2021-07-18
wide|green|2021|2021-02-27
character|yellow|2021|2021-05-21
though|green|2021|2021-02-19
marriage|red|2021|2021-01-05
cause|green|2021|2021-08-10
concern|green|2021|2021-06-06
in|white|2021|2021-08-31
behind|red|2021|2021-09-28
father|blue|2021|2021-06-04
agreement|white|2021|2021-01-13
billion|black|2021|2021-06-17
difference|black|2021|2021-09-01
major|yellow|2021|2021-09-04
entire|red|2021|2021-09-27
never|black|2021|2021-02-04
suddenly|red|2021|2021-01-18
throw|black|2021|2021-08-21
full|green|2021|2021-04-27
Mrs|black|2021|2021-02-28
growth|yellow|2021|2021-07-09
weight|red|2021|2021-09-14
might|white|2021|2021-08-19
main|blue|2021|2021-06-04
full|blue|2021|2021-09-01
commercial|yellow|2021|2021-07-09
at|blue|2021|2021-04-05
Republican|red|2021|2021-02-13
health|black|2021|2021-06-21
school|red|2021|2021-04-08
team|white|2021|2021-05-20
use|yellow|2021|2021-07-03
off|blue|2021|2021-10-09
everybody|green|2021|2021-09-17
that|green|2021|2021-01-12
listen|green|2021|2021-05-02
result|yellow|2021|2021-04-27
top|red|2021|2021-03-05
writer|yellow|2021|2021-02-28
wear|blue|2021|2021-06-23
natural|blue|2021|2021-07-22
worry|white|2021|2021-02-19
state|black|2021|2021-10-09
law|green|2021|2021-09-30
rise|yellow|2021|2021-08-13
everyone|black|2021|2021-04-14
until|white|2021|2021-06-17
seek|blue|2021|2021-03-11
newspaper|white|2021|2021-10-11
add|green|2021|2021-08-31
agency|red|2021|2021-08-23
mouth|white|2021|2021-03-20
feeling|yellow|2021|2021-01-03
manager|black|2021|2021-04-23
television|blue|2021|2021-04-04
their|white|2021|2021-09-29
cause|green|2021|2021-02-09
responsibility|black|2021|2021-01-25
raise|blue|2021|2021-10-03
visit|yellow|2021|2021-02-03
maintain|green|2021|2021-08-20
argue|red|2021|2021-09-28
space|yellow|2021|2021-08-17
rest|blue|2021|2021-06-05
life|green|2021|2021-05-31
occur|white|2021|2021-08-22
available|yellow|2021|2021-02-28
line|black|2021|2021-06-20
far|white|2021|2021-09-05
civil|yellow|2021|2021-06-21
avoid|white|2021|2021-02-06
stock|white|2021|2021-01-10
report|green|2021|2021-07-15
so|black|2021|2021-06-23
his|blue|2021|2021-03-20
wait|red|2021|2021-05-14
quality|white|2021|2021-06-20
magazine|blue|2021|2021-03-05
plan|green|2021|2021-08-07
camera|white|2021|2021-01-27
professor|green|2021|2021-08-23
book|black|2021|2021-10-14
technology|green|2021|2021-03-12
time|white|2021|2021-04-19
provide|yellow|2021|2021-07-09
we|yellow|2021|2021-01-31
yeah|blue|2021|2021-05-07
get|green|2021|2021-02-01
religious|white|2021|2021-02-17
radio|yellow|2021|2021-02-17
strategy|blue|2021|2021-03-05
cut|black|2021|2021-01-15
official|black|2021|2021-03-15
later|green|2021|2021-01-23
fear|white|2021|2021-01-19
eye|black|2021|2021-06-04
line|red|2021|2021-06-10
happy|white|2021|2021-05-11
already|green|2021|2021-10-14
newspaper|black|2021|2021-09-24
institution|green|2021|2021-08-09
determine|white|2021|2021-07-06
class|yellow|2021|2021-08-03
rate|yellow|2021|2021-07-31
never|green|2021|2021-07-06
sign|blue|2021|2021-08-05
put|yellow|2021|2021-02-21
senior|green|2021|2021-08-17
push|white|2021|2021-01-04
piece|red|2021|2021-04-14
official|yellow|2021|2021-07-30
leader|blue|2021|2021-01-22
question|green|2021|2021-01-20
near|yellow|2021|2021-02-13
hospital|white|2021|2021-05-26
behind|yellow|2021|2021-08-18
article|red|2021|2021-02-18
program|black|2021|2021-08-02
out|black|2021|2021-05-18
by|red|2021|2021-04-15
that|black|2021|2021-09-23
course|red|2021|2021-04-03
size|green|2021|2021-04-29
north|black|2021|2021-09-14
poor|white|2021|2021-03-29
share|black|2021|2021-05-13
road|white|2021|2021-05-24
worker|blue|2021|2021-01-10
try|red|2021|2021-10-06
game|white|2021|2021-08-26
painting|yellow|2021|2021-03-07
election|green|2021|2021-07-24
this|white|2021|2021-03-30
oil|black|2021|2021-02-22
during|black|2021|2021-07-08
population|green|2021|2021-03-29
compare|red|2021|2021-09-21
buy|white|2021|2021-06-13
rise|black|2021|2021-07-29
data|green|2021|2021-09-11
democratic|white|2021|2021-09-26
note|red|2021|2021-08-26
section|white|2021|2021-01-11
effort|green|2021|2021-03-06
plan|black|2021|2021-07-05
seven|blue|2021|2021-09-17
three|yellow|2021|2021-07-31
provide|red|2021|2021-04-26
remember|green|2021|2021-09-17
buy|red|2021|2021-03-23
participant|red|2021|2021-04-28
news|black|2021|2021-06-29
political|black|2021|2021-05-13
floor|yellow|2021|2021-04-29
hope|yellow|2021|2021-07-26
full|white|2021|2021-10-13
risk|black|2021|2021-09-19
whom|yellow|2021|2021-06-09
trip|green|2021|2021-05-29
successful|yellow|2021|2021-07-14
energy|blue|2021|2021-06-01
human|black|2021|2021-02-26
join|green|2021|2021-09-27
herself|red|2021|2021-03-30
base|black|2021|2021-03-07
site|red|2021|2021-02-22
bag|blue|2021|2021-07-20
economic|black|2021|2021-07-16
prepare|yellow|2021|2021-04-30
fear|blue|2021|2021-07-08
development|black|2021|2021-05-29
under|yellow|2021|2021-05-05
analysis|white|2021|2021-05-18
affect|red|2021|2021-03-19
international|blue|2021|2021-03-11
option|blue|2021|2021-07-18
account|yellow|2021|2021-05-11
model|red|2021|2021-08-28
opportunity|green|2021|2021-10-06
really|green|2021|2021-09-19
parent|green|2021|2021-05-13
cultural|white|2021|2021-05-10
rich|yellow|2021|2021-08-10
firm|black|2021|2021-02-22
child|red|2021|2021-04-07
piece|black|2021|2021-07-04
rise|green|2021|2021-09-29
community|black|2021|2021-06-01
miss|yellow|2021|2021-06-30
mean|blue|2021|2021-02-24
visit|black|2021|2021-09-23
box|black|2021|2021-03-27
five|green|2021|2021-07-25
board|white|2021|2021-04-25
management|green|2021|2021-07-18
yeah|blue|2021|2021-07-31
would|blue|2021|2021-03-25
ten|green|2021|2021-06-20
character|blue|2021|2021-01-06
price|blue|2021|2021-06-21
investment|black|2021|2021-06-15
spring|blue|2021|2021-08-03
model|white|2021|2021-07-26
member|green|2021|2021-03-05
customer|green|2021|2021-02-08
ago|red|2021|2021-05-21
forget|blue|2021|2021-08-25
measure|white|2021|2021-04-26
through|blue|2021|2021-03-14
site|black|2021|2021-05-07
foreign|black|2021|2021-04-06
hear|yellow|2021|2021-06-07
many|red|2021|2021-08-13
second|yellow|2021|2021-03-14
business|red|2021|2021-08-07
Republican|blue|2021|2021-04-21
film|red|2021|2021-04-29
myself|yellow|2021|2021-04-10
him|blue|2021|2021-09-03
practice|yellow|2021|2021-01-29
girl|white|2021|2021-07-02
peace|blue|2021|2021-05-29
degree|green|2021|2021-07-25
point|black|2021|2021-10-02
try|green|2021|2021-02-22
plan|red|2021|2021-07-06
boy|black|2021|2021-07-08
level|red|2021|2021-04-10
student|white|2021|2021-06-14
campaign|black|2021|2021-09-14
know|yellow|2021|2021-09-05
father|blue|2021|2021-07-29
two|black|2021|2021-08-31
history|green|2021|2021-07-02
bag|blue|2021|2021-06-30
box|black|2021|2021-09-23
computer|white|2021|2021-05-15
audience|green|2021|2021-03-26
size|green|2021|2021-01-09
respond|green|2021|2021-05-11
book|yellow|2021|2021-08-16
sound|blue|2021|2021-05-05
fight|black|2021|2021-03-14
Republican|blue|2021|2021-03-18
idea|green|2021|2021-05-17
past|black|2021|2021-09-16
brother|red|2021|2021-03-24
Democrat|yellow|2021|2021-03-30
science|black|2021|2021-06-10
above|blue|2021|2021-07-20
put|black|2021|2021-02-22
which|black|2021|2021-06-13
first|green|2021|2021-07-07
direction|red|2021|2021-03-27
able|red|2021|2021-08-08
TV|white|2021|2021-07-15
provide|green|2021|2021-02-22
goal|red|2021|2021-08-30
growth|black|2021|2021-03-01
whole|red|2021|2021-01-05
something|white|2021|2021-09-17
wide|red|2021|2021-05-21
bed|white|2021|2021-02-02
onto|yellow|2021|2021-05-01
administration|white|2021|2021-03-20
send|white|2021|2021-05-20
about|blue|2021|2021-09-25
break|green|2021|2021-06-19
notice|yellow|2021|2021-04-03
owner|green|2021|2021-09-13
cell|red|2021|2021-05-26
trip|white|2021|2021-09-24
begin|red|2021|2021-03-19
give|yellow|2021|2021-06-02
list|yellow|2021|2021-05-10
where|white|2021|2021-09-02
us|yellow|2021|2021-07-11
ability|blue|2021|2021-01-05
human|blue|2021|2021-09-23
our|black|2021|2021-04-26
attorney|white|2021|2021-04-11
dog|blue|2021|2021-04-03
move|red|2021|2021-01-20
her|yellow|2021|2021-09-05
wife|blue|2021|2021-01-30
identify|black|2021|2021-10-03
join|yellow|2021|2021-01-22
trip|red|2021|2021-05-06
black|red|2021|2021-01-21
sea|white|2021|2021-07-16
cold|white|2021|2021-03-26
order|white|2021|2021-04-24
today|blue|2021|2021-04-12
account|white|2021|2021-09-22
bed|yellow|2021|2021-01-16
election|green|2021|2021-08-04
analysis|white|2021|2021-07-05
treat|white|2021|2021-06-09
blood|yellow|2021|2021-02-04
responsibility|green|2021|2021-01-21
old|white|2021|2021-09-28
question|red|2021|2021-05-17
card|white|2021|2021-08-06
similar|blue|2021|2021-07-27
big|black|2021|2021-03-06
Congress|red|2021|2021-08-04
successful|blue|2021|2021-02-06
strong|blue|2021|2021-08-23
support|yellow|2021|2021-07-09
fish|yellow|2021|2021-01-22
continue|red|2021|2021-08-13
out|blue|2021|2021-02-14
movement|blue|2021|2021-07-25
everything|green|2021|2021-01-11
likely|red|2021|2021-01-20
then|white|2021|2021-08-05
different|green|2021|2021-09-01
soon|red|2021|2021-09-29
education|yellow|2021|2021-10-10
hot|red|2021|2021-06-15
cultural|black|2021|2021-04-08
wonder|red|2021|2021-09-08
suggest|green|2021|2021-08-03
walk|blue|2021|2021-07-23
here|black|2021|2021-07-26
mission|white|2021|2021-04-13
political|green|2021|2021-07-03
method|black|2021|2021-08-17
at|green|2021|2021-02-05
base|yellow|2021|2021-04-18
current|white|2021|2021-07-22
sister|blue|2021|2021-02-18
certain|blue|2021|2021-06-02
parent|red|2021|2021-09-13
world|black|2021|2021-03-26
yes|blue|2021|2021-04-18
above|blue|2021|2021-02-03
especially|blue|2021|2021-03-15
note|yellow|2021|2021-01-04
purpose|green|2021|2021-04-02
yourself|black|2021|2021-07-25
federal|black|2021|2021-01-28
visit|white|2021|2021-03-08
continue|green|2021|2021-01-26
win|yellow|2021|2021-03-14
particularly|blue|2021|2021-05-13
push|green|2021|2021-03-18
that|black|2021|2021-10-05
education|black|2021|2021-06-10
kitchen|yellow|2021|2021-03-10
three|black|2021|2021-09-21
crime|red|2021|2021-04-24
eye|red|2021|2021-05-26
health|green|2021|2021-04-14
yard|green|2021|2021-06-30
commercial|yellow|2021|2021-04-03
two|white|2021|2021-03-14
scene|green|2021|2021-05-13
analysis|green|2021|2021-03-25
everyone|green|2021|2021-03-18
list|black|2021|2021-09-05
base|red|2021|2021-10-12
fear|yellow|2021|2021-10-07
series|blue|2021|2021-06-21
rule|yellow|2021|2021-06-13
indicate|blue|2021|2021-01-20
relate|yellow|2021|2021-02-16
than|green|2021|2021-01-29
sure|yellow|2021|2021-02-11
deep|white|2021|2021-09-05
new|green|2021|2021-03-22
career|white|2021|2021-08-11
lawyer|black|2021|2021-01-05
usually|yellow|2021|2021-01-18
away|yellow|2021|2021-05-30
news|yellow|2021|2021-05-22
treatment|blue|2021|2021-03-20
resource|yellow|2021|2021-04-11
it|black|2021|2021-07-15
human|red|2021|2021-06-29
father|green|2021|2021-10-07
both|red|2021|2021-05-28
effort|white|2021|2021-01-17
item|black|2021|2021-02-24
enough|blue|2021|2021-04-26
society|blue|2021|2021-03-26
might|green|2021|2021-03-20
country|yellow|2021|2021-04-17
day|yellow|2021|2021-02-12
fine|yellow|2021|2021-10-05
answer|red|2021|2021-05-14
test|green|2021|2021-07-11
meeting|yellow|2021|2021-09-08
face|yellow|2021|2021-01-23
artist|black|2021|2021-04-13
others|blue|2021|2021-02-11
increase|white|2021|2021-08-19
policy|white|2021|2021-09-08
wish|red|2021|2021-07-08
ball|green|2021|2021-03-04
media|black|2021|2021-08-16
during|blue|2021|2021-01-13
employee|white|2021|2021-08-14
face|white|2021|2021-09-13
yet|yellow|2021|2021-09-18
allow|blue|2021|2021-01-08
pressure|red|2021|2021-02-01
along|red|2021|2021-04-26
goal|red|2021|2021-01-11
new|black|2021|2021-05-26
watch|red|2021|2021-05-17
we|black|2021|2021-07-31
record|blue|2021|2021-07-09
medical|blue|2021|2021-06-22
prove|yellow|2021|2021-05-11
tree|white|2021|2021-04-04
guess|black|2021|2021-04-27
begin|blue|2021|2021-03-12
while|yellow|2021|2021-01-26
image|green|2021|2021-03-12
rather|red|2021|2021-04-15
church|red|2021|2021-02-19
discuss|yellow|2021|2021-03-25
sense|blue|2021|2021-03-11
seem|white|2021|2021-08-12
perhaps|green|2021|2021-02-02
coach|yellow|2021|2021-02-25
husband|blue|2021|2021-08-21
might|green|2021|2021-09-18
mouth|black|2021|2021-06-14
bar|red|2021|2021-07-12
read|blue|2021|2021-05-02
movie|yellow|2021|2021-01-23
school|white|2021|2021-08-12
alone|blue|2021|2021-04-05
part|red|2021|2021-01-08
market|yellow|2021|2021-02-12
institution|blue|2021|2021-05-21
record|yellow|2021|2021-04-29
within|red|2021|2021-09-08
develop|yellow|2021|2021-02-16
response|red|2021|2021-03-09
agreement|red|2021|2021-01-27
report|red|2021|2021-07-31
space|white|2021|2021-01-08
bit|red|2021|2021-07-27
long|black|2021|2021-06-28
wonder|white|2021|2021-03-08
remain|black|2021|2021-01-04
certain|blue|2021|2021-05-12
process|red|2021|2021-05-24
my|yellow|2021|2021-06-21
join|green|2021|2021-08-02
former|green|2021|2021-01-03
heart|blue|2021|2021-02-10
enter|blue|2021|2021-10-09
shake|blue|2021|2021-09-17
rock|yellow|2021|2021-10-12
skill|red|2021|2021-10-01
young|black|2021|2021-06-12
result|green|2021|2021-08-16
I|green|2021|2021-07-22
such|green|2021|2021-09-05
radio|white|2021|2021-03-30
and|black|2021|2021-05-16
analysis|black|2021|2021-02-14
manager|blue|2021|2021-07-01
yes|white|2021|2021-08-05
hour|blue|2021|2021-02-16
or|blue|2021|2021-02-21
out|blue|2021|2021-02-16
tree|white|2021|2021-01-16
most|white|2021|2021-03-19
ball|blue|2021|2021-06-13
certainly|white|2021|2021-10-09
part|black|2021|2021-02-27
since|blue|2021|2021-07-13
term|black|2021|2021-01-30
week|blue|2021|2021-08-15
analysis|red|2021|2021-07-05
take|yellow|2021|2021-01-26
choice|white|2021|2021-05-13
international|green|2021|2021-05-13
assume|red|2021|2021-02-14
democratic|black|2021|2021-02-15
shoulder|blue|2021|2021-10-13
her|green|2021|2021-02-01
question|red|2021|2021-03-31
public|green|2021|2021-01-26
two|red|2021|2021-01-15
price|blue|2021|2021-05-18
skill|blue|2021|2021-07-11
technology|white|2021|2021-08-11
him|green|2021|2021-07-30
PM|white|2021|2021-08-25
top|green|2021|2021-08-15
as|blue|2021|2021-03-08
own|blue|2021|2021-10-02
carry|yellow|2021|2021-02-07
hair|yellow|2021|2021-06-24
challenge|yellow|2021|2021-08-10
small|blue|2021|2021-08-17
sit|black|2021|2021-03-30
arm|blue|2021|2021-08-11
save|black|2021|2021-01-22
use|red|2021|2021-09-21
form|yellow|2021|2021-06-01
professional|black|2021|2021-08-19
then|yellow|2021|2021-06-06
you|white|2021|2021-01-30
old|green|2021|2021-09-15
people|black|2021|2021-05-26
war|blue|2021|2021-10-07
able|green|2021|2021-03-10
pass|white|2021|2021-06-21
just|blue|2021|2021-02-10
yes|green|2021|2021-09-05
enter|green|2021|2021-07-10
crime|yellow|2021|2021-08-02
last|black|2021|2021-08-29
truth|blue|2021|2021-09-20
performance|yellow|2021|2021-10-03
left|green|2021|2021-05-22
character|white|2021|2021-10-03
book|red|2021|2021-07-20
fact|green|2021|2021-08-12
discover|yellow|2021|2021-02-18
even|white|2021|2021-01-18
camera|white|2021|2021-05-29
process|green|2021|2021-01-22
country|green|2021|2021-08-08
try|yellow|2021|2021-01-03
nearly|green|2021|2021-03-06
make|red|2021|2021-02-18
card|red|2021|2021-10-07
black|blue|2021|2021-09-29
avoid|red|2021|2021-07-27
at|green|2021|2021-01-13
voice|black|2021|2021-07-01
street|red|2021|2021-08-27
unit|red|2021|2021-07-24
per|black|2021|2021-07-27
evidence|yellow|2021|2021-06-03
likely|green|2021|2021-05-03
even|white|2021|2021-02-03
school|red|2021|2021-03-28
ball|blue|2021|2021-01-07
finally|black|2021|2021-09-21
professor|red|2021|2021-02-13
compare|green|2021|2021-08-11
study|yellow|2021|2021-01-21
certain|blue|2021|2021-04-12
gas|green|2021|2021-03-30
citizen|white|2021|2021-01-16
believe|yellow|2021|2021-09-09
risk|blue|2021|2021-10-12
economy|green|2021|2021-02-03
public|black|2021|2021-07-02
magazine|red|2021|2021-03-31
his|black|2021|2021-01-13
finally|black|2021|2021-05-19
your|blue|2021|2021-10-12
night|black|2021|2021-08-19
writer|yellow|2021|2021-09-27
today|blue|2021|2021-07-14
surface|green|2021|2021-10-02
degree|green|2021|2021-09-02
road|yellow|2021|2021-07-24
carry|white|2021|2021-09-22
issue|green|2021|2021-10-12
stock|black|2021|2021-03-05
its|green|2021|2021-06-28
similar|red|2021|2021-06-23
wait|red|2021|2021-04-21
administration|blue|2021|2021-09-19
across|red|2021|2021-01-01
raise|black|2021|2021-09-09
get|white|2021|2021-03-23
ok|yellow|2021|2021-06-06
over|black|2021|2021-04-20
sometimes|black|2021|2021-06-30
beyond|yellow|2021|2021-10-07
north|red|2021|2021-03-05
speech|red|2021|2021-05-19
current|blue|2021|2021-08-13
want|blue|2021|2021-04-23
life|blue|2021|2021-04-02
candidate|blue|2021|2021-05-22
skin|blue|2021|2021-09-21
student|yellow|2021|2021-08-30
prove|black|2021|2021-07-21
truth|green|2021|2021-03-22
Democrat|yellow|2021|2021-02-09
determine|blue|2021|2021-01-30
have|black|2021|2021-04-04
billion|black|2021|2021-09-05
material|white|2021|2021-05-05
range|green|2021|2021-10-13
similar|black|2021|2021-07-18
citizen|blue|2021|2021-03-22
consumer|black|2021|2021-05-30
drop|red|2021|2021-06-13
court|blue|2021|2021-07-05
friend|black|2021|2021-01-18
sport|yellow|2021|2021-04-01
population|red|2021|2021-04-26
painting|black|2021|2021-08-23
idea|white|2021|2021-01-09
vote|green|2021|2021-07-15
tree|black|2021|2021-01-16
enough|green|2021|2021-02-19
than|green|2021|2021-06-21
tell|yellow|2021|2021-05-30
way|blue|2021|2021-02-12
seem|green|2021|2021-08-08
team|blue|2021|2021-03-12
skill|red|2021|2021-04-16
choose|black|2021|2021-06-09
green|red|2021|2021-07-16
outside|red|2021|2021-06-05
truth|yellow|2021|2021-03-28
think|green|2021|2021-07-02
best|black|2021|2021-07-05
wear|blue|2021|2021-04-24
interesting|green|2021|2021-06-04
skill|green|2021|2021-07-06
or|yellow|2021|2021-04-03
husband|white|2021|2021-03-20
more|white|2021|2021-05-05
item|yellow|2021|2021-03-18
table|black|2021|2021-03-27
cover|black|2021|2021-06-24
range|green|2021|2021-03-10
become|green|2021|2021-07-23
different|white|2021|2021-10-01
enjoy|yellow|2021|2021-08-30
cultural|black|2021|2021-04-17
think|yellow|2021|2021-08-05
our|blue|2021|2021-04-13
Congress|blue|2021|2021-10-11
number|yellow|2021|2021-09-12
history|red|2021|2021-07-21
mean|white|2021|2021-06-18
network|blue|2021|2021-08-06
series|black|2021|2021-01-08
study|black|2021|2021-09-12
team|blue|2021|2021-10-02
effect|yellow|2021|2021-07-07
maintain|yellow|2021|2021-07-30
for|blue|2021|2021-05-24
whether|blue|2021|2021-04-23
carry|green|2021|2021-07-18
should|yellow|2021|2021-07-20
look|black|2021|2021-06-05
reason|yellow|2021|2021-04-08
offer|black|2021|2021-10-14
idea|green|2021|2021-05-22
all|blue|2021|2021-02-28
citizen|white|2021|2021-09-29
general|red|2021|2021-02-20
fish|red|2021|2021-05-03
true|red|2021|2021-02-02
sign|green|2021|2021-03-04
establish|green|2021|2021-01-25
age|black|2021|2021-10-08
pressure|black|2021|2021-07-12
office|blue|2021|2021-05-08
example|white|2021|2021-07-20
land|blue|2021|2021-01-14
entire|blue|2021|2021-08-23
threat|black|2021|2021-01-20
travel|green|2021|2021-01-08
ahead|red|2021|2021-05-01
remember|blue|2021|2021-02-28
method|green|2021|2021-10-10
almost|red|2021|2021-10-12
option|yellow|2021|2021-01-03
site|green|2021|2021-08-13
to|blue|2021|2021-09-22
yourself|white|2021|2021-03-09
to|yellow|2021|2021-04-03
prepare|yellow|2021|2021-04-10
attorney|white|2021|2021-05-12
decade|white|2021|2021-08-07
impact|red|2021|2021-07-10
memory|blue|2021|2021-01-28
more|red|2021|2021-07-09
prepare|white|2021|2021-03-19
pick|red|2021|2021-04-29
area|yellow|2021|2021-06-24
reveal|red|2021|2021-04-16
perform|black|2021|2021-04-15
including|green|2021|2021-01-11
watch|white|2021|2021-09-01
exactly|blue|2021|2021-08-03
sense|green|2021|2021-02-12
feeling|black|2021|2021-08-08
least|white|2021|2021-01-17
strong|white|2021|2021-07-21
may|blue|2021|2021-01-07
must|red|2021|2021-09-12
nearly|red|2021|2021-02-20
without|yellow|2021|2021-09-14
they|blue|2021|2021-04-18
material|black|2021|2021-03-22
least|blue|2021|2021-06-24
system|red|2021|2021-02-02
hotel|green|2021|2021-07-11
about|green|2021|2021-08-05
road|white|2021|2021-01-09
federal|yellow|2021|2021-08-18
century|white|2021|2021-05-02
close|yellow|2021|2021-03-28
move|red|2021|2021-07-09
scientist|black|2021|2021-05-10
most|black|2021|2021-06-28
property|green|2021|2021-03-08
early|blue|2021|2021-04-26
big|black|2021|2021-03-14
suddenly|red|2021|2021-04-14
cup|red|2021|2021-07-16
provide|white|2021|2021-08-12
close|green|2021|2021-02-05
director|white|2021|2021-05-27
religious|blue|2021|2021-07-23
fear|yellow|2021|2021-03-01
effort|green|2021|2021-08-30
off|black|2021|2021-07-11
event|green|2021|2021-06-21
yet|red|2021|2021-04-07
usually|blue|2021|2021-05-02
as|yellow|2021|2021-08-29
actually|black|2021|2021-04-12
institution|black|2021|2021-07-11
type|green|2021|2021-04-13
study|black|2021|2021-09-23
rich|white|2021|2021-06-07
project|green|2021|2021-04-02
paper|white|2021|2021-02-11
collection|white|2021|2021-07-02
somebody|yellow|2021|2021-08-31
test|black|2021|2021-01-10
Republican|yellow|2021|2021-01-08
certain|red|2021|2021-09-07
hard|blue|2021|2021-08-10
indicate|blue|2021|2021-08-12
rate|blue|2021|2021-09-08
suffer|white|2021|2021-01-12
blood|yellow|2021|2021-01-04
difference|red|2021|2021-06-21
clear|green|2021|2021-01-15
plant|yellow|2021|2021-03-07
least|blue|2021|2021-02-26
grow|blue|2021|2021-01-26
build|white|2021|2021-10-02
discussion|white|2021|2021-07-18
charge|green|2021|2021-09-06
type|red|2021|2021-03-08
material|green|2021|2021-02-21
until|yellow|2021|2021-06-25
learn|red|2021|2021-04-09
save|white|2021|2021-06-05
plan|black|2021|2021-03-30
example|green|2021|2021-08-02
responsibility|green|2021|2021-01-23
soon|blue|2021|2021-09-24
style|white|2021|2021-03-27
same|yellow|2021|2021-07-26
statement|yellow|2021|2021-05-06
attorney|blue|2021|2021-03-25
magazine|black|2021|2021-06-27
machine|green|2021|2021-06-29
and|black|2021|2021-09-27
understand|blue|2021|2021-05-05
fight|white|2021|2021-10-06
social|yellow|2021|2021-02-04
charge|green|2021|2021-03-17
however|green|2021|2021-06-25
let|white|2021|2021-08-14
become|black|2021|2021-03-20
great|yellow|2021|2021-06-06
news|red|2021|2021-07-14
child|blue|2021|2021-07-13
white|black|2021|2021-07-19
game|yellow|2021|2021-05-18
recently|red|2021|2021-03-03
know|yellow|2021|2021-02-05
age|red|2021|2021-01-23
land|green|2021|2021-10-14
another|green|2021|2021-09-03
catch|green|2021|2021-06-15
then|yellow|2021|2021-04-27
southern|white|2021|2021-03-30
care|yellow|2021|2021-07-07
special|white|2021|2021-04-22
rather|black|2021|2021-09-16
recent|white|2021|2021-08-04
assume|yellow|2021|2021-02-13
throughout|yellow|2021|2021-05-26
floor|green|2021|2021-07-14
sea|yellow|2021|2021-08-06
star|green|2021|2021-07-13
week|yellow|2021|2021-07-11
box|black|2021|2021-03-07
live|red|2021|2021-04-17
all|yellow|2021|2021-02-07
happy|white|2021|2021-04-08
political|white|2021|2021-03-27
drug|black|2021|2021-04-30
bill|red|2021|2021-02-27
structure|blue|2021|2021-06-25
meet|red|2021|2021-03-27
peace|white|2021|2021-07-29
brother|red|2021|2021-02-22
indicate|green|2021|2021-07-13
everyone|blue|2021|2021-05-28
case|yellow|2021|2021-08-04
certainly|yellow|2021|2021-08-02
although|green|2021|2021-04-08
if|black|2021|2021-04-20
raise|red|2021|2021-02-16
kind|black|2021|2021-08-08
young|yellow|2021|2021-05-01
picture|yellow|2021|2021-09-22
help|white|2021|2021-07-12
learn|yellow|2021|2021-04-10
film|white|2021|2021-05-31
today|black|2021|2021-04-13
mention|blue|2021|2021-01-23
financial|yellow|2021|2021-08-07
election|green|2021|2021-01-15
would|green|2021|2021-04-10
would|green|2021|2021-03-04
end|yellow|2021|2021-05-28
fine|blue|2021|2021-04-30
dream|white|2021|2021-05-03
ask|green|2021|2021-07-14
over|black|2021|2021-07-07
rise|red|2021|2021-08-17
key|red|2021|2021-08-03
least|white|2021|2021-01-28
study|green|2021|2021-09-08
discover|red|2021|2021-04-19
center|green|2021|2021-06-18
difference|green|2021|2021-07-02
size|white|2021|2021-07-08
development|blue|2021|2021-06-12
kid|black|2021|2021-03-13
day|black|2021|2021-01-09
believe|white|2021|2021-06-29
beat|white|2021|2021-01-22
treatment|red|2021|2021-08-10
truth|yellow|2021|2021-03-21
toward|green|2021|2021-09-02
office|black|2021|2021-02-28
for|green|2021|2021-06-26
administration|green|2021|2021-05-22
could|white|2021|2021-10-05
gun|black|2021|2021-02-09
act|blue|2021|2021-10-14
than|red|2021|2021-03-29
about|red|2021|2021-05-02
never|black|2021|2021-03-17
carry|white|2021|2021-02-07
than|white|2021|2021-09-03
worry|red|2021|2021-05-02
public|blue|2021|2021-08-02
call|yellow|2021|2021-10-04
play|green|2021|2021-03-01
turn|black|2021|2021-10-07
pick|blue|2021|2021-02-20
well|green|2021|2021-07-28
simple|green|2021|2021-06-24
interest|white|2021|2021-08-22
hope|green|2021|2021-01-07
other|white|2021|2021-09-04
last|black|2021|2021-07-06
avoid|green|2021|2021-02-12
short|black|2021|2021-08-16
me|black|2021|2021-03-01
cost|green|2021|2021-08-10
woman|white|2021|2021-10-02
continue|black|2021|2021-08-06
choose|green|2021|2021-01-27
gas|yellow|2021|2021-05-01
it|yellow|2021|2021-04-25
when|green|2021|2021-08-17
huge|green|2021|2021-02-18
build|white|2021|2021-04-19
many|blue|2021|2021-06-28
person|green|2021|2021-03-17
soon|green|2021|2021-07-30
ability|yellow|2021|2021-04-28
cultural|yellow|2021|2021-05-14
small|green|2021|2021-03-05
environment|blue|2021|2021-07-18
teacher|green|2021|2021-04-11
a|blue|2021|2021-04-12
always|black|2021|2021-02-28
various|white|2021|2021-07-02
raise|blue|2021|2021-09-21
money|blue|2021|2021-01-17
surface|green|2021|2021-03-15
policy|blue|2021|2021-02-08
place|green|2021|2021-06-29
from|yellow|2021|2021-05-27
state|red|2021|2021-02-10
chair|white|2021|2021-06-14
series|yellow|2021|2021-06-22
make|green|2021|2021-01-08
room|white|2021|2021-07-09
arm|green|2021|2021-02-14
get|red|2021|2021-06-05
forward|yellow|2021|2021-08-05
people|green|2021|2021-04-23
offer|yellow|2021|2021-07-03
save|red|2021|2021-03-21
issue|blue|2021|2021-03-18
remember|blue|2021|2021-09-29
Mr|white|2021|2021-04-13
know|black|2021|2021-10-06
phone|blue|2021|2021-10-07
page|blue|2021|2021-02-07
name|blue|2021|2021-05-17
third|black|2021|2021-07-23
agreement|white|2021|2021-06-15
protect|green|2021|2021-10-14
drug|yellow|2021|2021-05-20
baby|yellow|2021|2021-08-15
himself|blue|2021|2021-07-19
experience|green|2021|2021-05-25
recently|green|2021|2021-03-13
guess|black|2021|2021-07-16
beyond|green|2021|2021-01-17
into|green|2021|2021-06-10
leg|blue|2021|2021-03-06
hand|white|2021|2021-08-18
window|white|2021|2021-05-13
most|green|2021|2021-02-17
medical|yellow|2021|2021-08-04
baby|red|2021|2021-05-19
program|black|2021|2021-03-06
always|black|2021|2021-03-14
civil|white|2021|2021-07-04
statement|red|2021|2021-04-21
issue|green|2021|2021-01-24
between|blue|2021|2021-08-22
among|green|2021|2021-01-24
authority|blue|2021|2021-07-17
three|green|2021|2021-09-11
end|green|2021|2021-05-13
good|blue|2021|2021-04-25
according|yellow|2021|2021-07-25
