brother|Adam Wilson|1934770489355
often|Sandra Cox|8483159475212
sort|Joshua Johnson|3326628738205
hard|Justin Cooper|4519603360011
particularly|Zachary Horn|2280457305489
be|Jennifer Gonzalez|0682874828504
successful|Adrienne Morris|8479237114766
which|Sarah Webster|1688747281656
theory|Jason Rowe DDS|4957303141093
drive|Stacey Harris|3984516284823
customer|Christine Wood|2797722122904
apply|Stephanie Williams|7493182650665
prove|Heidi Fleming|7437861381414
since|Todd Gillespie|8966778584713
use|Robert Scott|1476484861291
marriage|William Perry|9460288414197
western|Dwayne Williams|4926907962995
herself|Jacqueline Long|8102647930937
where|Aaron Huff|2795986116649
risk|Ryan Marshall|6244810490532
why|Patricia Patterson|8729876344628
arm|Alexis White|7885226791955
else|Dr. Savannah Smith DVM|5909020246278
collection|Michael Rhodes|2280045318240
themselves|Cesar Vazquez|2385586655113
stand|Tina Bennett|2982784737195
for|Pamela Espinoza|0095144972710
test|Melissa Nelson|4465424358369
activity|Paul Warren|8573846128302
seat|Robert Tucker|6182830048005
reveal|Jared Turner|8798956082889
recently|Kimberly Phelps|8856752699233
throughout|Garrett Fox|4615883506020
quickly|Heather Brown|8311150378190
among|Jim Gibson|7659081683662
trouble|Donald Bray|9592497264721
government|Christine Armstrong|1575187071669
opportunity|Mrs. Amy Cox|2948185752701
national|Emily Jacobson|0115933126810
tend|Christopher Jenkins|3928808737391
mention|Thomas Lang|9318908190800
fast|Jessica Rose|5404640320920
require|Tiffany Lopez|0079345467860
generation|Zachary Smith|5267251505366
public|Robert Norman|5162225929592
stand|Robert Taylor|8394565978661
ahead|Jeffery Martin|6439559524602
rise|Hannah Elliott|1698664231046
identify|Denise Tate|2979625934548
to|Tara Boyer|2331080395762
pressure|Tyrone Gonzalez|1236522748420
foot|Miranda Davidson|6085657723547
those|Kevin Dodson|7991832475726
now|Sonya Wyatt|4151158759025
assume|Timothy Webb|7052916078107
floor|Amanda Hunt|5080795117486
audience|Carmen Williams|1566068332963
we|Karen Daniels|5014032789901
security|Michael Stewart|0612594564679
until|Stacie Dunn|6727418584302
kind|Christy Pearson|6352418359392
month|Abigail Williams|0000663641533
sure|Timothy Phillips|4743629939312
send|Patrick Nguyen|6956115767016
hair|Brianna Valentine|3692076155784
PM|Amanda Andrews|0630595668251
less|Mary Owens|0632296955201
clearly|Tony Kidd|8054171989663
result|Eric Smith|6372238650026
grow|Cindy Cardenas|1060923425619
catch|Billy Downs|4550905442209
method|Lisa Hartman|8028207464048
agree|Kristen Davis|9211265018258
unit|Carrie Allen|9494138779478
point|Daniel Choi|3389131610506
opportunity|Thomas Brewer|9169585643014
whose|Carmen Perry|3399330742702
size|Ruben Jones|0284303812608
stuff|Heidi Mercado|8797233276863
whose|Mrs. Michelle Mitchell|0362596992327
possible|Rodney Harris|4171658239341
wind|Donna Thompson|3492391006689
later|Amanda Rose|7544903162970
trip|Natalie Ibarra|6781040839553
defense|William Jackson|0953924139313
make|Robert Evans MD|7059859248147
your|James Hickman|2462408566045
brother|Katie Perez|3535942478373
arrive|Cameron Robinson|1823451577733
account|Thomas Cruz|6493417323540
market|Jeffrey Wheeler|1964184644908
cultural|John Davis|5504170119708
commercial|Gabriel Williams|3976520476763
half|Stephanie Smith|6736320758002
style|Clinton Casey|4221659618725
develop|Mr. Brandon Shepherd|7173381693681
image|Tracy Conley|1212653161172
democratic|Thomas Brown|2398904450825
value|Eric Hall|7854110220435
shoulder|Lisa Khan|2450022256204
food|William Ballard|4003682845587
in|Randy Rojas|1605679502528
sing|Brian Dean|7234217455206
fly|Samuel Mathews|8509922028095
war|John Garcia|4622755381742
brother|Brendan Mckenzie|9621010231900
large|David Costa|1393524347919
hair|Tracey Patterson|3539489329205
thing|Mrs. Melanie Ellis MD|8615282051522
challenge|Mrs. Vanessa Lewis|2606659406863
own|Gina Blackwell|4078178216635
increase|Mrs. Nancy Hughes|6072838236141
book|Alexis Dominguez|9104274592770
heart|Adriana Patterson|0896002335986
Democrat|Jimmy Hughes|3222190301339
take|Yolanda Franco|5806458124241
how|Charles Hammond|1269491962900
military|Jennifer Garcia|9693111842535
may|Carlos Johnson|0662303948046
song|Kelsey Ferguson|2764586908455
close|Marco Butler|2783838965982
close|Nichole Cooper|3166979249161
wonder|Kayla Stokes|9179422037494
here|David Franklin|5839747768383
enjoy|Chad Martin|7418728258815
address|Anna White|6366461766712
public|Louis Sutton|1216912532090
ten|Donna Moyer|8382712623448
ask|Ashley Murphy|6333361339649
their|Brittany Bright|0030916162027
dinner|Renee Yang|1105014234515
career|Jennifer Johnson|2255050064085
off|Michael Shaw|2145963938566
financial|Darrell Williams|3839754172144
them|Margaret Black MD|5957590444234
sound|Carol Barton|8777969442031
situation|Matthew Johnson|2102185537904
impact|Sean Benson|7153776196439
significant|Kevin Jones|1347975089295
science|Jessica Boyd|4457087099028
western|Kathryn Wilkinson MD|1983014080087
policy|Edward Clark|1773392366412
hour|Jean Marshall|9140061052488
rate|Thomas Gray|6929428917024
research|Jennifer Crawford|2788542168125
list|Jonathan Austin|8358158778885
tough|Miss Shari Banks|7468574496421
fact|Brittney Smith|3047644433036
catch|Jennifer Wilson|8667108115373
threat|Megan Riley|0709271755776
for|Deborah Diaz|8375177145469
heart|Vanessa Singh|1668636420944
system|Scott Shaffer|7255660192536
throughout|Jeffrey Medina|7558844044438
foreign|Jennifer Jackson|6236274605593
list|Jasmine Hunt|3866348100712
decade|Louis Willis|2584564223812
fast|Jennifer Matthews|6606392705563
mind|Logan Hernandez|7612703360050
soon|Joseph Williams|3159832889812
window|Omar Johnson|8838836530288
indeed|Lisa Jackson|6437695283045
song|Elaine Norman|3112754172084
growth|Mark Ellison|8247853438833
others|James Collins|4480397872456
increase|William Clark|4911065836394
firm|Sharon Parker|9248461921819
you|Savannah Hunter|3460778693468
popular|Richard Yates|3882229456082
magazine|Kristen Gill|0577927641654
career|Nicole Bowers|5135068352090
break|Karen Cain|7408219590311
kitchen|Amanda Reed|9329269253575
month|Monica Coleman|8121217754632
idea|Cody Rojas|0108497841640
after|Mrs. Mary Hartman|5490803131648
field|Catherine Buchanan|0201142492190
include|Ruth Good|4333716941741
network|Anita Rhodes|7242551238552
none|Kristen Cruz|2909353225910
alone|Michael Ortiz|5232697546038
very|Mary Gay|1697795073018
possible|Garrett Williams|2614478566890
pretty|Lawrence Hall|0617811886614
simple|Tara Peterson|8562075751274
teacher|Maria Robinson|8061485626940
south|Harold Avila|1307646146952
avoid|David Dickerson|1049299137918
spend|Annette Santiago|4832408865009
history|Ryan Schultz|1208883753985
consider|Isaiah Fischer|0499937549131
artist|Cynthia Jacobs|4744456287355
authority|Donald Haynes|3675592497095
those|David Moore|0852798761149
have|Riley Jones|5181903340887
military|Sara Nunez|3479647122065
happen|Michael Hernandez|1085494500808
question|Gregory Hays|8336031503781
story|Victoria Snyder|8287465803246
rich|James Pittman|6578573400430
figure|Clifford Parker|3264932799040
daughter|Bradley Ramos|7475950961155
appear|Hannah Mccoy|6260569811450
statement|Kimberly Davis|8290876809532
war|Carmen Smith|8398070587805
choice|Kimberly Nelson DDS|7175660400224
once|Matthew Parrish|5045019951679
if|Miranda Ferguson|5584228467717
order|Mark Wallace|5313202125156
suffer|Lisa Matthews|1909861875907
with|Samantha Austin|5745470203282
off|Mandy Watkins|3936990650844
trial|Thomas Perry|7586388936447
him|Veronica Peterson|5979529655353
issue|Tracy Gardner|8138042024304
hotel|Luis Turner|6037840975435
pay|Angela Wilson|4769837729355
trouble|Sarah Simpson|9990324886077
attack|Mark Garcia|2511587287895
close|Harold Anderson|1887310138818
leg|Adam Ortega|9712779846245
author|Margaret Crawford|5985750473443
able|Christopher Massey|5722246106742
lot|Elizabeth Mora|1966715410890
walk|Jessica Edwards|0418096619526
fear|Heather Wade|0911267467426
off|Amy Parsons|7709282264663
travel|Amy Hoover|6353130880851
evening|Rebecca Michael|1946710757251
system|Tammy Bates|3479351506314
so|Teresa Ellis|0895284351441
mouth|David Klein|0121183080511
recent|Andrea Suarez|2593114097062
claim|Lauren Leonard|7135483934037
father|Tim Skinner|9616127618343
natural|Travis Meyers|5273345846100
arm|Frank Brown|9942308282803
democratic|Diana Hunter|6512554755351
issue|Gary Valencia|7894547583813
such|Kimberly Carpenter|3734163928801
answer|Kevin King|6547991081775
lead|Riley Medina|9703964126860
position|Nicole Lyons|2428863077758
beat|Antonio Reilly|1460184466904
continue|Jasmine Maynard|6659830002910
identify|Brianna Odom|9621523330995
why|Michael Jones|9586631833600
its|Connie Jackson|0442788520606
indeed|Madison Harrison|2079838778408
director|Brian Simpson|8764277995601
work|Alexis Morgan|9059994578963
however|Julie Smith|4522603860422
order|Terrance Herrera|4928581393576
which|Michael Robinson|3996072879375
list|Justin Stone|3834428174036
cup|Debra Burgess|1082727202015
dark|Victoria Flores|6032138839955
different|Mary Gonzalez|0646726124263
main|Sharon Brady|6064452101532
evening|Calvin Herrera|7724884860903
ok|Brenda Rivas|7345924566972
move|John Shaw|6442453376530
painting|Melissa Singh|3132504716688
never|Stephen Murray|9580629220106
must|Brian Rodriguez|8425861417036
person|Craig Wright|6328512785470
once|Jonathan Mcmillan|0079050939717
lot|Matthew Wright|8139595766249
charge|Samantha Thompson|6641561636629
tell|Belinda Gomez|6481728626897
be|Veronica Sandoval|3616208767989
whom|Veronica Ray|4964433449822
special|Michael Gonzales|5762890119608
Congress|Chris Obrien|6936822666367
lead|Jessica Snyder|2269355050360
budget|Nicholas Waters|7309728733725
about|Garrett Roberts|4504575949780
main|Amy Ellis DVM|1179806898879
computer|Daniel Gonzalez|0921763071355
left|Morgan Cook|0910718976268
develop|Jennifer Hernandez|3471792381967
sport|Elizabeth Adkins|9782416306839
another|Angela Hudson MD|3007004131406
people|Jessica Taylor|9080989903962
tough|Diamond Miller|1474797597188
age|Nicholas Gomez DVM|4704434450590
we|Stephanie Sparks|2796560174011
hand|Patrick Price|2676337044077
century|Daniel Olson|3302719168564
child|Angela Simpson|3505330009036
yard|Michael Simon|1197009386179
claim|Mark Smith|6517146555557
majority|Timothy Lee|0397816967698
remember|Dr. Samuel Huffman|6149185618858
speech|Joshua Hoffman|1410824472008
budget|Karen Murphy|2025376224626
pressure|Kyle Kidd|2670081658071
letter|William Smith|4903518683852
among|Savannah Ryan|0799124343628
decision|Rodney Jackson|2769691357232
threat|Christopher Robles|4362603939130
window|Julie Conner|0315933603511
land|Scott Nelson|5658616352407
seven|Wesley Vasquez|2941654969620
daughter|Lindsey Jones|2586341478300
plan|Jessica Cox|0739305290831
her|Krista Weeks|2834227174341
people|Kimberly Morris|4856872092651
while|Heather Christian|1899909148506
happen|Fred Martin|3975821126007
high|Jodi Riley|2483552856243
term|Jacqueline Cortez|3033581507467
born|Christopher Mccarthy|9083439242423
wear|Angela Wood|1998123381394
teacher|Kathleen Martin|9219119942741
economy|Craig Waters|1801026460231
gun|Michael Flores|4225020153037
yes|Samuel Robinson|7687435925673
adult|Brandon Green|4737219831534
shoulder|Jeremiah Mack|2009902005018
parent|Rhonda Hernandez|9357919912587
plant|Kristin Brown|3235783086143
no|Jon Hernandez|4047388837663
care|Curtis Moran|8628919852197
purpose|Kimberly Fitzgerald|0358707849161
gun|Johnny Rose|0354039184920
again|Phillip Greene|8128402273779
find|Lisa Stevens|2252601651910
herself|Jodi Smith|5259658064900
eat|David Myers|8916032308570
majority|Emily Fry|1232281361107
address|Derek Hernandez|5334842001449
condition|Sean Ellis|9851789903568
population|James Nielsen|0274808840661
type|Allen Mason|9830630282872
past|Lisa Smith|3461716559163
hospital|Betty White|5311445413442
purpose|Jeffrey Rose|5682873864977
my|Steven Salinas|5803871039165
eat|Kenneth Chen|9911065966906
southern|Amanda Mcdonald|2520839948247
better|Angel Alexander|1267753276877
discuss|Michael Case|8520322792459
shoulder|Austin Johnson|3774348884032
finally|Jason Smith|6195230319157
official|Lisa Taylor|3193442129368
spring|Timothy Coleman|2474523619574
security|Jeffrey Lee|7327678811764
eat|Katie Martin|1592657523806
study|Tiffany Weaver|9283615859240
itself|Diana Osborne|5555672983509
age|Elizabeth Wang|8872432856001
travel|Samuel Williams|5869965465870
company|Donna Leblanc|3681678685065
price|Kelli Clark|7929455867697
rather|Jennifer Lynch|4976086058903
from|Theresa Newman|6067360836700
shoulder|Dennis Terry|2515123071382
stuff|Krista Bauer|6607438754298
if|Colleen Green|8189892030810
able|Jonathan Short|6409893774535
range|Justin Valentine|5545469675534
down|Nancy Kramer|1598678268606
nor|Jeremiah Cobb|3522418422736
people|Stacy Ibarra|7384394004631
work|Jason Fletcher Jr.|3198288763105
manage|Steve Kim|0132649614411
relationship|Jessica Ford|6146637668468
poor|Tonya Green|8445377854405
appear|Michael Mcclain|7133427229551
partner|John Garcia|1373151884519
significant|Brian Parker|5385582680829
high|Lisa Bailey|7311559568583
bed|Karla Garza|9896101911591
what|Lori Powers|7958606570073
even|Sharon Edwards|6299350789690
set|Theresa Anderson|8512641274289
or|Latoya Davis|5468346466341
assume|Laurie Weiss|6362104537896
teach|Antonio Whitaker|8516528541896
part|Susan Jennings|2024079413096
agent|Patrick Weeks|9706556002207
bag|Laura Tucker|5995221008741
discover|Deanna Curtis|1471506235372
pick|David Garza|9111723763563
career|Matthew Richard|7352056364344
hear|Renee Byrd|0214308750984
bad|Robert Payne|0459406946844
head|Morgan Singh|0389248395764
current|Robert Bailey|8377962347111
performance|Ryan Estrada|8228218312574
nation|Dr. Andrew Smith Jr.|8452919256610
article|Christian Mcmillan|1007021931178
spend|Katelyn Brown|0459810258041
plan|Isaiah Fowler|7850311686215
two|Dr. Scott Jones Jr.|5966566397112
them|Robert Franco|9395492926290
share|Victoria Ruiz|6711519342865
challenge|Judy Martin|6538875557168
president|Theresa Young|9443013055426
party|Joshua Lozano|7662042824404
specific|Darlene Green|1268770531086
assume|Joshua Young III|7624216375905
above|Brittany Schmidt|7857451502184
natural|Bethany Young|0559748730793
before|Hector Harvey Jr.|7172145968794
Republican|Linda Wood|1056660871113
place|Christopher Harper|8849646220235
conference|Cheryl Horton MD|2121400501078
foot|Maria Green|0110859021248
none|John Kaufman|2264284524265
together|Karen Booth|2072303059004
thought|Kimberly Atkins|2553923863362
night|Willie Campos|9797046332778
science|Debbie Lane|1380283234395
apply|Sarah Shields|9490794914631
kind|Charlotte Downs|0177885484949
value|Angela Moyer|5955436033798
senior|Mark Fernandez|5973632427155
weight|Lonnie Duncan|3373419369991
natural|William Shaffer|4969111305606
fly|Kelli Johnson|1793944628649
seem|Michael Boone|7887779367388
lay|Susan Gardner|1971573860731
party|Amanda Deleon|4805470252280
free|Jeremy Hansen|3061203082118
election|John Morales|4075081149196
relate|Katie May|4234796061272
live|Ashley Martin|0941216855847
low|Zachary Buchanan|8855143664334
design|Laura Phillips|5181575323737
media|Robert Fuentes|6246631028153
role|Whitney Wright|9742855925381
federal|Juan Stevens|4751389082289
research|David Garcia|5254195876100
let|Daniel Patterson|1962077791126
edge|Daniel Hodges|0678590649091
design|William Young|0927804733322
prepare|Donald Hendricks|0172180475202
accept|John Lee|1183704494618
modern|Crystal Martinez|8118895419976
American|Patricia Webster|8188925111439
culture|Tamara Soto|5433796199496
fine|Heather Martin|7582995615106
morning|Belinda Powell|8826963151657
standard|Tiffany Ferguson|8464414902923
form|Shane Baker|2324057262273
rather|Diana Mills|1973796783445
successful|Amy King|0744822251097
today|Bryan Adams|4066048339873
contain|Matthew Sullivan|0226550249139
partner|Andrea Nolan|8991749265052
indicate|Cassidy Skinner|5013557654872
nothing|Jennifer Boyle|8219508588742
stay|Raymond Williamson|9854923148518
guy|Laura Jackson|5200390433145
floor|Lawrence Johnson|3004935280371
foreign|Brandi Dawson|5219785035740
recent|James Morris|7201450262176
when|Gina Conner|8757508029120
best|Michael Briggs|5225883624895
military|Alex Roberts|5172791027013
local|Julie Weiss|1413016103870
spring|Cameron Duffy|0730081338576
single|Austin Smith|5517058458968
customer|Luis Adkins|5743976980987
natural|Heather Anderson|9040608050906
thought|Beth Marshall|6653483881667
tell|Joanne Moore|5058969463186
generation|John Ward|2699186691963
guy|Meredith Bailey|4336155581923
may|Randy Saunders|8761665338686
rich|Mr. George Roth DDS|2322479573680
attack|Garrett Griffin|1205897736570
hair|Jennifer Allen MD|6117975416194
decide|Robert Sullivan|4010545755239
miss|Cindy West|5379475039683
serve|Belinda Mcdonald|1369473414881
heart|Todd Wright|7780039093810
suddenly|Sarah Hicks|2110065473689
hope|Brett Colon|7504552429441
drive|David Cook|1471251276509
meeting|Anthony Todd|9353127631700
ok|Maria Brown|5552894939075
on|Mitchell Hall|8287722998874
middle|William Mahoney|0086445914319
world|Elizabeth Morris|3454104258568
seat|Cory Kramer|5036455877211
expect|Christopher Allen|5244670461685
them|Thomas Nguyen|7487517485667
listen|Timothy Stewart|1414221818797
also|Bruce Sanchez|8579356492508
claim|Robert Williams|2200096271083
position|Deborah Young|2591841267635
form|Nicholas Martin|6681797975126
speak|Jeffrey Soto|8746001268483
board|Betty Benson|1465847723156
run|Ronald Jones|8291507059620
just|Jennifer Hampton|0476011167741
TV|Catherine Williams|3344579338611
activity|Veronica Patel|4299344243841
woman|Blake Miller|2081762190237
per|Chelsea Lee|8973337960390
agent|Jason Scott|7299369538831
church|Mindy Williams|1141552895894
card|Sandra Jenkins|9404157602978
offer|Jonathan Clark|2441708450977
reveal|Ralph Austin|7089403218446
current|Jennifer Sanchez|0446973117935
senior|Jacob Ward|2288657142336
himself|James Costa|6965917850052
one|Manuel Walls|8622867625740
send|Jennifer Tyler|1764115639910
prove|Nathan Potter|7226265586013
behavior|William Stone|6496088405723
bill|Kimberly Baker|5516661802551
attorney|Jeanne Cook|0072583093800
worker|Erin Brown|8988086068277
recognize|Cole Crawford|5279948663776
theory|Brian Ryan|3717245582558
provide|Mark Archer|3419666248309
him|Seth Gonzalez|5372885169401
concern|Samuel Brown|9821552433914
drive|Kyle Clark|6834674543709
quality|Colin Jones|3767389433771
hair|Mark Martin PhD|5589699997112
scene|Maria Robinson|4840055415377
small|Valerie Sanchez|2488924934024
woman|Samantha Gallagher|7754170472678
than|Shawn Beck|4798219443461
organization|Wesley Payne|0973308537910
lose|Katelyn Carroll|7604876949821
not|Anthony Bates|6126045174559
soon|Christina Tucker|2426089239157
mouth|Heather Lutz|2080423595941
picture|Victoria Young|5453608952145
write|Miranda Hicks|8551886687222
fill|Christian Smith|4922376954442
parent|Travis Johnson|1715754642528
partner|Glenda Flores|4477745278317
east|Melissa Walker|6623179652371
attention|William Mcclure|1235222945567
experience|Michael Jackson|0200424285661
protect|Kim Young|2897040637810
onto|Eugene Diaz|8506536654371
several|Donna Reynolds|1330375891697
under|James Martinez|6097420572967
article|Philip Franklin|5709349433912
yet|Nancy Williams|4952613522594
term|Laura Scott|1169370175039
bag|Michelle Anderson|7312051227540
simply|Alexander Smith|0572706940385
impact|Claire Mason|8371585918722
remember|Heather Brooks|9187632936893
yourself|William Hatfield|7477020780900
never|Jacob Mccormick|4482203055134
discover|Amy Giles|7028658893021
body|Jose Moreno|1388383721714
interest|Diane Warner|2011692665480
everybody|Alicia Sanders|6423062845267
simply|Tina Smith|3435787777844
policy|Nicholas Holland|5774975361514
the|Lisa Perez|3435394580693
memory|Sarah Mckinney|7750024975746
wind|Ryan Jones|5779381886567
call|Jose Morris|7053141978910
interest|Anna Ramirez|5060284770552
choice|Timothy Hunter|1074581147265
seat|Joshua Hunter|0301991642055
mouth|Michael Kidd|5723711415947
above|Regina Evans|4818225838387
science|Andrew Clark|7437904674837
order|Margaret Mathis|1684509703783
view|Alejandro Phillips|6593065098529
edge|Craig Carlson|4892005234702
impact|Paul Gregory|6281589358495
as|Robert Stone|8310226089467
will|Robert Jones|0565955802352
identify|Jacob Davis|8840230360706
image|Angel Fletcher|4875561083180
shoulder|Peter Lane|7786862526624
hotel|Cheryl Guerrero|3150510611345
room|Cheryl Rodriguez|2874075619971
form|Karen Keller|6895884094041
head|Tyler Graham|6375999656089
establish|Terry Marquez|7991839356890
main|Robert Henderson|4402499267877
cultural|Michael Koch|4791971459583
story|Jessica Evans PhD|9719916286509
attack|Gregory Lester|7491914147523
light|Samuel Freeman|8935911850681
leader|David Rodriguez|4553731794528
soon|Jeffrey Johnson|4136926591378
Democrat|Elizabeth Johnston|8161610180529
free|Nathaniel Sullivan|6792320597168
tell|Michael Green|5449271147063
inside|Joshua Jones|4074384360634
TV|Dawn Wiggins|1710221589236
own|Terri Diaz|5717562753083
business|Aaron Miller|3502708191658
those|Tiffany Stark|5367760968949
research|Jacqueline Maynard|6756484399049
report|Christopher King|2692837620838
unit|Joseph Evans|7281619409725
company|Kathryn Owens DVM|0516727779741
author|Stacy Allen|0052684072865
gas|Donald Bush|8968863393397
church|Vincent Cooke|5219595091905
apply|Ashley Buckley|7900638465134
this|Margaret Marshall|9261037993421
education|Jeff Mack|4167848131055
for|Whitney Wilkerson|3529813154282
oil|Jeremy Rodriguez|9814217161417
growth|Susan Bell|5427825805172
let|Kristen Taylor|1274957095103
describe|Patricia Melton|5163302517868
probably|Shawn Villarreal|4974679166647
seek|Tony Rice|4002265180885
dream|Paige Rhodes|1453170504764
that|Amy Mueller|2872048798574
lose|Jennifer Manning|3597611201644
consider|Robert Hudson|9792775262010
break|Mark Haynes|0432528207033
difference|Patricia Espinoza|1447108390116
American|Kathy Fisher|1855367088087
share|Shari Salazar|8066942041395
discover|Robert Robinson|1528123141782
I|Joshua Wyatt|2701999166008
out|Dylan Smith|8542144247818
meeting|Kenneth Byrd|0785645749870
media|Steven Brown|1379990593448
baby|Melissa Sanchez|0899310203391
bank|Robert Roberts|8970518658456
nor|Cheryl Harris|3667558969079
expert|Eric Fuller|5489896309273
site|Paul Anthony|3330658232716
month|Tonya Acosta|1918125370728
baby|Kelly Fuller|7041192290754
question|Anthony Lopez|4273001131223
reflect|Paul Nelson|6329015575750
without|Laura Lee|8078306823552
indicate|Dennis Chapman|7408695711707
back|Tiffany Perez|5248395216918
brother|Matthew Morales|3227229485311
trip|Alexis Robinson|4394375844117
part|Alexander Harris|7197804859490
example|Robert Atkins|0297089824370
over|Natasha Olson|6846349280982
ago|Jessica Mcdowell|0575653775025
political|Daniel Mendoza|7743005690293
understand|William Turner|9793276768290
box|Daniel Miller|5138514895370
fire|Shelly Wolfe|0025733785209
wish|Christine Frank|5282420661499
feeling|Robin Mcdonald|8588061235790
can|Daniel Woodward|6298781672393
century|Kelly Donovan|1839551156400
move|Tonya Hansen|9379640295397
allow|Todd Hill|7100651615397
later|Tanya Martinez|1802279856158
sport|Noah Coleman|6909239135660
play|Beth Perez|2730407696070
plant|Alex Smith|2612542075310
design|Joseph Boyd|3471339681748
party|Alexandra Green|7414053228913
half|Tasha Smith|6534512616335
large|Shannon Patel|8254015674447
enough|Alexander Wilson|8356600234208
former|Michael Watson|0822016843506
trip|Shannon Contreras|4442074011931
billion|Pamela Edwards DDS|4310508986046
single|Stephen Jordan|3655124149927
memory|Blake Clark|1346009119054
once|Kristopher Brown|8030165747980
stand|Lisa Lopez|7988127479831
chance|Vanessa Velez|2560250199382
data|Frank Stewart|8668348488940
staff|Wayne Avery|8634229624168
on|Daisy Bernard|4550807337723
character|David Ortiz|5408587792915
magazine|Lisa Tate|8685149580178
interest|Traci Ramos|6996834020675
seat|Jonathan Vazquez|4569811907852
particular|Angel Maxwell|3632248627166
tonight|Amy Harris|0484207739429
school|Edward Jones|9100326522342
me|Amanda Jackson|2206436282918
read|Elaine Stevenson|6431165532634
yet|Lori Johnson|3819455280684
enjoy|Brenda King|6057656389400
ever|Jordan Hill|6929916266516
stop|Rachel Diaz|5368005206903
there|Jerry Ramos|7065523515271
energy|Carol Patel|7140909202547
pressure|Ashley Garcia|2456081410810
someone|Tracy Huynh|0181253223723
owner|Shane Mahoney|7507826172437
teacher|Taylor Walker|1538502190646
enjoy|Melissa Martinez|2448830386839
generation|Debbie Harmon|9317803018277
similar|Brian Cortez|1181903875255
capital|Steven Johnson|7677051638582
character|William Poole|2472524946457
red|Krista Owen|4398136493612
training|Ricky Mendoza|2990812640222
kitchen|Gary Anderson|0394135651504
available|Justin Cox|9605450829427
hospital|Christopher Berry|3227192759837
along|Grant Wilson|3051717213275
trip|Mr. Kenneth Perez|5394189660004
thousand|James Jones|8109694125243
anything|Kyle House MD|4459673364675
listen|Brady Evans|7832857533745
fight|Cynthia Baker|5408051254230
might|Christopher Stanley|3450718642165
nice|Christopher Williams|0302718661486
also|April Waters|9713056842408
hundred|Karen Mckinney|8134300064298
left|Sarah Rodriguez|5512769645046
leader|Blake Flowers|1672007198872
certainly|Megan Alexander|8855693607682
soon|Ryan Blanchard|9534934989499
child|Mr. Glenn Sharp|1330017625520
short|Brandon Smith|8927501294183
possible|Julie Combs|2803584485849
oil|Darryl Wright|8723482546550
really|Tiffany Robinson|8456500865152
oil|Christine Phillips|6153792792963
read|Margaret Nichols|0572260510743
whatever|Lori King|1322076378763
bring|Robert Neal|5686996987243
them|Alison Walker|8468010731210
program|Angela Martinez|9370474943827
under|Amy Hanson|7597955085573
go|Christian Moore|2424749426852
operation|Matthew Mcdonald|2389963433219
charge|Ashley Rose|4101552309024
Republican|Jillian Ward|1121556049926
ok|Katherine Williams|7025383823742
six|Nicholas Henderson|8832266452779
blue|Christopher Bowen|5478282082947
building|Brittany Davidson|4703665314853
for|Kimberly Crawford|8266312269690
sense|Robin Bennett|5737249966129
over|Amanda Johnson|1681361678799
wall|Kimberly Watkins|4638690537040
music|Matthew Mccoy|4457352493396
benefit|Alexander Cole|5782371424809
man|Charles Brady|4679828139953
window|Jessica Peterson|0670901281114
watch|Tanya Simpson|3337241230501
how|Dalton Mccoy|8141404340973
and|Sheryl Williams|5152278982510
agree|Dr. Angela Aguilar|2961199187379
recently|Antonio Lynn|0514442877150
use|Mariah Hicks|8000481534815
risk|Matthew Robinson|8745517345830
stuff|James Lopez|3519825546695
skin|Kristy Mcgee|3429087371530
night|Emily Stokes|7503488257366
trip|Patricia Whitehead|7529296316616
police|Adam Washington Jr.|0875225215642
from|Patricia Casey|5187446617570
career|Jacob Jackson|6209225179063
education|Janet Velasquez|9578189524673
town|Christopher Adams|8467933944798
likely|Jill Davis|3385066017993
thing|Joseph Jensen|5722327195092
avoid|Kaitlyn Gonzalez|2770928120732
he|Lisa Montgomery|8109301701767
respond|Nicholas Williams|5002609712246
trial|Alexis Summers|9887869277421
oil|Richard Ball|8379501937742
agent|Sean Burns|7745223766432
than|Adam Miller|8773159025241
smile|Ashley King|9177881624516
either|James Williams|1573947058377
onto|Ashley Ayers|4516333164617
type|Cynthia Haynes|4920032549271
police|Penny Miller|0786043721098
part|Justin Payne|4074586540442
show|Jennifer Everett|7778091325771
bring|Melissa Oneill|2678777481811
vote|Wanda Lopez|1833545836389
not|Brian Wilkins|3823227549843
present|Alexandria Allen|9296895699468
memory|Anita Porter|9175665968372
dream|Benjamin Allen|2757063908288
alone|Colin Boyd|5430927632480
stuff|Samuel Gonzales|2187896587443
cover|Samuel Huffman|4687677633572
look|Elizabeth Griffin|4528444036778
last|Chad Young|9395298592787
community|Donald Stewart|9695580547343
receive|Karen Adams|8693695851931
rise|Whitney Short|9009679491569
politics|Shannon Johnson|1147507495922
hundred|Kathleen Kim|7112255572088
role|Kayla Palmer|9776451397267
knowledge|Randy Parrish|8837758138252
cold|Johnny Cobb|7613680571401
value|Tracey Strong|8395447420470
represent|Jacob Horton|9367982534393
recognize|Jeffery Olsen|6663874996139
somebody|Diane Price|2061754267278
network|Jonathan Graham|9514893246358
drop|Jennifer Lewis|4978364431939
down|David Lester|3053192068987
research|Michelle Mcintosh|9309658895045
audience|Timothy Martin|7463661317533
important|Matthew Estrada|5251102061984
series|Teresa Gonzalez|1113003631570
daughter|Thomas Jones|3013188672270
at|Sharon Jones|6051368482496
benefit|Allen Henderson|9996649441081
if|Javier Yang|3459237006786
kind|John Perkins|7298770111713
daughter|Kevin Cortez|3962872579951
study|Elizabeth Powers|8493750931109
ahead|Jill Cunningham|9554634205279
year|Andrew Brock|5163019353837
bit|Robert Strickland|5531406199884
small|Jocelyn Morgan|3652432365022
would|Alexis Burns|6582960642903
whatever|Charles Santiago|5990570655120
rest|Aaron Davis|1172920827353
morning|Emily Smith|3972303829729
sure|Heather Clark|2382138487160
north|Tina Johnson|1849710648605
day|Julia Mason|9203415322927
wonder|Ryan Bell|6035701898916
might|Stephanie Walker|4478508734901
senior|Stacey Gaines|1019182525174
key|Keith Ross|1382191872746
beat|Hayley Young|9658841071277
ok|Robert Curry|5079099749729
turn|Richard Rice|1145151478820
effect|Victoria Hebert|9565824165047
will|Robert Grant|9110453274472
brother|Shannon Beck|4663746772635
every|Steven Davis|6204753129355
again|Jessica Ferguson|2150519709899
affect|Steven Cox|1713366763149
never|William Cole|1624564758686
risk|Jordan Mitchell|2071229247395
report|Amanda Lopez|9081482791008
upon|Jennifer Collins|9596028197246
exactly|Michael Rubio|7107600625788
effort|Christopher Steele|2029932933627
after|Sierra Garcia|7786334425519
month|Andrew Beasley|5254245260961
determine|Shelia Flores|5753779687206
board|Jason Gutierrez|3137653015893
approach|Catherine Trevino|0628454702717
two|James Garza|5765803722294
miss|Sandra Watson|4445449087017
realize|Bruce Wilcox|5796872421967
support|Melinda Hester|2678149352505
month|Vincent Herrera|6699497258648
ability|Christine Chang DDS|1085786362176
natural|Tracey Dunn|9520379228230
offer|Rodney Brown|5812750149733
task|Julie Hall|7925789125065
paper|Christina Garcia|1531033525747
space|Amber Fisher|6717840683951
question|Andre Cooper|2966143189844
whether|Frances Hill|0499080149643
project|Kathryn Larsen|7551046277297
why|Julia Harrison|8493518544091
rate|Mandy Beck|0975223370637
space|Luke Wright|1815174615406
door|Jeremy Ramirez Jr.|0366781298410
upon|Jennifer Jones|8866055472352
almost|Kenneth Thomas|2903016577902
investment|Emily Olson|9098461438480
people|David Rodriguez|0846843760862
seat|Michael Martinez|5617318731122
particularly|James Berger|6591761796101
already|Justin Johnson|0909442244185
sister|Tina Thompson|8252036222936
reveal|Carolyn Chavez|3730315759170
positive|Timothy Davenport|8699132430915
subject|Melissa Butler|3587991363590
hour|Matthew Lee|5076611753991
off|Jacqueline Young|7310521458405
partner|Gail Robinson|1663545415148
agent|Kimberly Cardenas|0407741839256
probably|Mark Valenzuela|7354064886602
citizen|Katie Malone|1578528405577
road|Susan Hawkins|1351000876723
along|Sandra Snow|3491708292051
vote|Keith Burnett|9544798473342
painting|Joseph Murphy|3995893185829
professor|Nichole Johnson|2769000534294
rule|Robert Bass|4089349271641
herself|Susan Peterson|4642481854846
become|Vickie Collins|2970095495826
order|Jeff Wright|6237827272947
design|Billy Olson|6205648146421
quickly|Larry Ramos|0124966687942
main|Diane Padilla|0069578558771
interesting|Michael Ramsey|8879645421829
down|Nicholas Williams|2237242611689
four|Anita Wilson|7380972496385
unit|Peter Simmons|8613713321968
town|Clarence Mejia|3540080602250
program|Amanda Clark|8011624331370
other|Jim Howard|8090955026786
wrong|John Elliott|6521019179217
order|Zachary Harris|1523899552049
off|Amanda Johnson|6332429304352
fire|Robert Harris|2991491115456
his|Lisa Wilson|1067635434081
visit|Steven Mcconnell|1342264386865
reveal|Kristin Moses|9694872839563
network|Kimberly Ford|6814458729448
simple|Chelsea Evans|3003955900851
understand|Theresa Powers|9261503186491
me|Pamela West MD|7445917159154
stand|Cheryl Case|5650977233997
alone|Anthony Mason|2802027622869
agree|Susan Cooper|0236446486666
reach|Jeremy Brock|2794429726711
city|James Gonzales|2801757436442
adult|Zoe Campbell|3072287954748
see|Timothy Horton|1052637968126
fill|Elizabeth Lucas|1934952843648
upon|Darius Hughes MD|8141208006049
west|Mr. Brian Jimenez|9362607222149
Mr|Alexa Payne|7782667443399
goal|Andrew Ellis|5833427131687
position|Dustin Gonzalez|5987024632970
land|Randy Jackson|0272957450899
but|Wendy Robbins|0808200527411
catch|Evan Cross|7407874760073
report|Kimberly Ferrell|7258507302402
audience|Samuel Sheppard|9648130304482
throughout|Patrick Campbell|0160079181991
grow|Alexis Watson|3468295677014
lay|Joseph Lynch|6424637182494
husband|Sarah Williams|4309242922349
special|Erin Daugherty|4870327510974
probably|Matthew Foster|1989512265356
street|Carla Wilson|8042541315958
kid|Michael Cohen|3791789617200
one|Stephen Price|0877008681559
person|Vincent Hughes|4282764169334
piece|Courtney Smith|5906922364603
since|Bailey Montoya|5151165343541
worker|Brittany Clark|1599516445491
for|Dalton Lucas|4888815701711
east|Michael Reeves|5224018052679
teach|Vincent Mcpherson|1444449534693
protect|William Clark|0987878999463
create|Noah King|2232357367284
truth|William Brooks|3656828808283
against|Nicholas Perez|6856161809471
consumer|Beth Robinson|9031402911612
American|Amber Chavez|1892618399362
analysis|Amy Pena|8504945495839
parent|Mr. Gary Ryan Jr.|9659753234330
sport|Erica Morrison|1341089419552
break|Jordan Jones|7070210208542
laugh|Sandra Hart|5529542030639
too|Heather Thomas|9996257289016
fly|Nathan Reeves|3314408756119
most|Andrea Michael|1099868289974
authority|Jacob Gordon|5298447612363
Mr|James Duran|8051647665949
news|Beth Wang|4222285845998
audience|Barbara Martinez|8210254370684
offer|James Bryan|0333170408572
middle|Trevor Novak|8029395392023
per|Rebecca Gallagher|8500654903172
push|Robert Nelson|4581163535410
our|Brianna Combs|2527581461505
red|Juan White|1933875749569
question|Lisa Young|3887825557753
almost|Amanda Chapman|2224387328568
very|Gregory Michael|9434693535172
good|John Schultz|2863707921702
best|Michael Lindsey|6828495509215
manager|Shannon Ramos|5563323189135
federal|Steven Vaughn|1576458854378
we|Michael Skinner|1011111806773
even|Randy Ingram|4639022865390
spring|Monica Ali|5506751118644
yourself|Paul Parker|4132571351901
bar|Danielle Berger|3570034909085
later|Mr. Scott Zuniga|4271479824242
pick|Robert Arnold|9892422295602
positive|Joshua Arnold|2117603466405
measure|James Jones|0677652675000
become|Barbara Riddle|3538548922946
without|Diana Chang|5064934597259
item|Derrick Rodriguez|9161450115846
require|Amanda Davis|5685234350325
fear|Erik Miller|3616026102740
blood|Mr. Vincent Klein|2457172371726
rather|Laura Lara MD|7247318818672
